AirCraftID,TailNum (Unique Aircraft identifier)
0,N712SW
1,N772SW
2,N428WN
3,N464WN
4,N726SW
5,N763SW
6,N690SW
7,N334SW
8,N263WN
9,N286WN
10,N778SW
11,N674AA
12,N643SW
13,N724SW
14,N786SW
15,N714CB
16,N394SW
17,N215WN
18,N243WN
19,N798SW
20,N247WN
21,N707SA
22,N443WN
23,N779SW
24,N704SW
25,N709SW
26,N459WN
27,N621SW
28,N206WN
29,N280WN
30,N241WN
31,N200WN
32,N475WN
33,N792SW
34,N252WN
35,N346SW
36,N299WN
37,N487WN
38,N479WN
39,N467WN
40,N521SW
41,N663SW
42,N376SW
43,N791SW
44,N392SW
45,N799SW
46,N618WN
47,N682SW
48,N509SW
49,N473WN
50,N351SW
51,N238WN
52,N499WN
53,N309SW
54,N245WN
55,N275WN
56,N271WN
57,N434WN
58,N619SW
59,N290WN
60,N383SW
61,N608SW
62,N626SW
63,N369SW
64,N396SW
65,N293
66,N409WN
67,N695SW
68,N220WN
69,N784SW
70,N244WN
71,N455WN
72,N297WN
73,N481WN
74,N203WN
75,N491WN
76,N480WN
77,N318SW
78,N647SW
79,N313SW
80,N352SW
81,N321SW
82,N660SW
83,N414WN
84,N408WN
85,N230WN
86,N761RR
87,N272WN
88,N335SW
89,N488WN
90,N496WN
91,N422WN
92,N404WN
93,N787SA
94,N617SW
95,N302SW
96,N676SW
97,N775SW
98,N449WN
99,N444WN
100,N764SW
101,N407WN
102,N232WN
103,N725SW
104,N745SW
105,N740SW
106,N405WN
107,N468WN
108,N201LV
109,N222WN
110,N282WN
111,N223WN
112,N281WN
113,N460WN
114,N679AA
115,N378SW
116,N248WN
117,N774SW
118,N627SW
119,N622SW
120,N217JC
121,N259WN
122,N301SW
123,N356SW
124,N742SW
125,N273WN
126,N466WN
127,N678AA
128,N258WN
129,N435WN
130,N484WN
131,N228WN
132,N747SA
133,N338SW
134,N603SW
135,N221WN
136,N777QC
137,N752SW
138,N790SW
139,N794SW
140,N715SW
141,N401WN
142,N448WN
143,N403WN
144,N267WN
145,N450WN
146,N400WN
147,N442WN
148,N610WN
149,N315SW
150,N692SW
151,N902WN
152,N734SA
153,N490WN
154,N646SW
155,N454WN
156,N298WN
157,N277WN
158,N350SW
159,N768SW
160,N634SW
161,N285WN
162,N431WN
163,N615SW
164,N602SW
165,N447WN
166,N492WN
167,N361SW
168,N429WN
169,N437WN
170,N306SW
171,N446WN
172,N395SW
173,N756SA
174,N766SW
175,N613SW
176,N385SW
177,N324SW
178,N632SW
179,N445WN
180,N418WN
181,N640SW
182,N264LV
183,N765SW
184,N472WN
185,N212WN
186,N600WN
187,N737JW
188,N314SW
189,N342SW
190,N489WN
191,N364SW
192,N424WN
193,N326SW
194,N708SA
195,N249WN
196,N236WN
197,N684WN
198,N667SW
199,N758SW
200,N262WN
201,N550WN
202,N730SW
203,N486WN
204,N494WN
205,N732SW
206,N683SW
207,N631SW
208,N268WN
209,N720WN
210,N648SW
211,N476WN
212,N224WN
213,N304SW
214,N402WN
215,N693SW
216,N465WN
217,N609SW
218,N269WN
219,N229WN
220,N718SW
221,N283WN
222,N637SW
223,N202WN
224,N288WN
225,N901WN
226,N738CB
227,N331SW
228,N687SW
229,N731SA
230,N642WN
231,N415WN
232,N311SW
233,N605SW
234,N671SW
235,N226WN
236,N384SW
237,N225WN
238,N629SW
239,N727SW
240,N416WN
241,N312SW
242,N451WN
243,N654SW
244,N506SW
245,N501SW
246,N520SW
247,N370SW
248,N240WN
249,N502SW
250,N522SW
251,N514SW
252,N339SW
253,N513SW
254,N379SW
255,N503SW
256,N527SW
257,N512SW
258,N333SW
259,N669SW
260,N227WN
261,N354SW
262,N511SW
263,N525SW
264,N628SW
265,N386SW
266,N650SW
267,N662SW
268,N661SW
269,N353SW
270,N528SW
271,N399WN
272,N507SW
273,N728SW
274,N310SW
275,N391SW
276,N639SW
277,N213WN
278,N677AA
279,N636WN
280,N504SW
281,N387SW
282,N208WN
283,N390SW
284,N463WN
285,N204WN
286,N706SW
287,N365SW
288,N785SW
289,N235WN
290,N625SW
291,N713SW
292,N425LV
293,N419WN
294,N216WR
295,N294WN
296,N470WN
297,N366SW
298,N638SW
299,N657SW
300,N659SW
301,N412WN
302,N438WN
303,N469WN
304,N780SW
305,N739GB
306,N462WN
307,N355SW
308,N456WN
309,N743SW
310,N276WN
311,N242WN
312,N439WN
313,N672SW
314,N694SW
315,N266WN
316,N218WN
317,N388SW
318,N457WN
319,N291WN
320,N325SW
321,N305SW
322,N767SW
323,N406WN
324,N427WN
325,N374SW
326,N256WN
327,N436WN
328,N347SW
329,N751SW
330,N279WN
331,N253WN
332,N623SW
333,N417WN
334,N689SW
335,N658SW
336,N699SW
337,N340LV
338,N750SA
339,N341SW
340,N776WN
341,N711HK
342,N411WN
343,N485WN
344,N239WN
345,N410WN
346,N523SW
347,N357SW
348,N255WN
349,N717SA
350,N793SA
351,N332SW
352,N716SW
353,N497WN
354,N612SW
355,N723SW
356,N251WN
357,N753SW
358,N788SA
359,N246LV
360,N231WN
361,N746SW
362,N458WN
363,N274WN
364,N440LV
365,N205WN
366,N754SW
367,N211WN
368,N900WN
369,N733SA
370,N209WN
371,N483WN
372,N495WN
373,N430WN
374,N420WN
375,N651SW
376,N551WN
377,N265WN
378,N729SW
379,N254WN
380,N478WN
381,N461WN
382,N652SW
383,N741SA
384,N278WN
385,N348SW
386,N330SW
387,N710SW
388,N433LV
389,N432WN
390,N482WN
391,N308SA
392,N257WN
393,N606SW
394,N604SW
395,N771SA
396,N757LV
397,N368SW
398,N781WN
399,N295WN
400,N664WN
401,N426WN
402,N413WN
403,N705SW
404,N601WN
405,N441WN
406,N656SW
407,N359SW
408,N795SW
409,N328SW
410,N423WN
411,N292WN
412,N214WN
413,N207WN
414,N474WN
415,N773SA
416,N270WN
417,N655WN
418,N336SW
419,N337SW
420,N782SA
421,N219WN
422,N744SW
423,N362SW
424,N673AA
425,N797MX
426,N630WN
427,N633SW
428,N345SA
429,N645SW
430,N749SW
431,N237WN
432,N649SW
433,N755SA
434,N796SW
435,N686SW
436,N344SW
437,N762SW
438,N635SW
439,N421LV
440,N363SW
441,N614SW
442,N665WN
443,N759GS
444,N789SW
445,N770SA
446,N519SW
447,N323SW
448,N343SW
449,N735SA
450,N607SW
451,N498WN
452,N260WN
453,N287WN
454,N398SW
455,N769SW
456,N453WN
457,N250WN
458,N783SW
459,N327SW
460,N389SW
461,N320SW
462,N380SW
463,N371SW
464,N701GS
465,N675AA
466,N698SW
467,N653SW
468,N289CT
469,N284WN
470,N367SW
471,N680AA
472,N685SW
473,N719SW
474,N688SW
475,N360SW
476,N382SW
477,N234WN
478,N397SW
479,N510SW
480,N358SW
481,N477WN
482,N748SW
483,N624SW
484,N210WN
485,N515SW
486,N329SW
487,N349SW
488,N493WN
489,N233LV
490,N452WN
491,N700GS
492,N644SW
493,N611SW
494,N736SA
495,N296WN
496,N641SW
497,N505SW
498,N261WN
499,N307SW
500,N508SW
501,N375SW
502,N670SW
503,N373SW
504,N703SW
505,N903WN
506,N616SW
507,N317WN
508,N372SW
509,N904WN
510,N760SW
511,N300SW
512,N620SW
513,N905WN
514,N316SW
515,N906
516,N691WN
517,N13538
518,N12157
519,N14953
520,N12967
521,N18114
522,N12921
523,N12564
524,N24103
525,N12900
526,N13914
527,N21129
528,N16541
529,N11109
530,N13955
531,N14950
532,N12996
533,N14514
534,N17146
535,N12166
536,N16178
537,N14204
538,N11193
539,N11194
540,N14188
541,N12163
542,N14562
543,N27190
544,N14198
545,N12552
546,N27200
547,N11191
548,N18557
549,N16546
550,N11187
551,N14162
552,N14203
553,N16561
554,N13550
555,N11551
556,N12195
557,N12175
558,N17196
559,N11547
560,N17560
561,N12201
562,N13161
563,N16559
564,N14907
565,N11544
566,N15555
567,N14186
568,N11164
569,N11192
570,N11199
571,N21197
572,N14568
573,N19554
574,N13553
575,N26549
576,N18556
577,N11189
578,N12563
579,N33182
580,N11176
581,N12167
582,N16170
583,N14177
584,N14180
585,N14171
586,N12172
587,N11181
588,N11184
589,N12569
590,N14173
591,N17169
592,N16183
593,N14179
594,N13908
595,N10575
596,N22909
597,N14570
598,N11165
599,N14168
600,N34111
601,N21154
602,N13958
603,N12924
604,N15910
605,N14943
606,N18982
607,N15509
608,N13989
609,N12530
610,N13903
611,N14902
612,N31131
613,N14923
614,N27152
615,N15985
616,N13935
617,N14573
618,N13975
619,N13969
620,N14977
621,N11119
622,N14148
623,N11565
624,N14543
625,N15941
626,N16999
627,N14939
628,N13936
629,N16919
630,N14916
631,N16918
632,N13913
633,N14959
634,N29917
635,N14952
636,N15980
637,N15926
638,N14974
639,N36915
640,N14925
641,N11526
642,N48901
643,N17138
644,N17928
645,N14143
646,N11127
647,N25134
648,N14940
649,N14998
650,N16511
651,N12142
652,N14174
653,N14116
654,N26141
655,N28529
656,N14904
657,N11536
658,N13956
659,N12122
660,N16961
661,N10156
662,N11548
663,N15986
664,N13929
665,N13994
666,N13566
667,N13968
668,N28518
669,N16987
670,N14933
671,N11137
672,N14542
673,N16963
674,N15948
675,N15572
676,N12946
677,N12145
678,N21537
679,N11150
680,N17524
681,N14942
682,N23139
683,N13123
684,N14938
685,N15527
686,N13979
687,N14522
688,N17521
689,N12135
690,N27506
691,N13124
692,N12922
693,N25504
694,N14508
695,N13992
696,N19966
697,N13997
698,N16927
699,N17159
700,N16944
701,N14158
702,N13970
703,N12540
704,N12934
705,N14937
706,N14505
707,N16501
708,N24128
709,N41104
710,N14947
711,N15932
712,N16147
713,N14972
714,N16112
715,N16510
716,N14117
717,N17984
718,N13133
719,N16976
720,N16911
721,N16981
722,N14991
723,N18120
724,N17115
725,N14920
726,N18102
727,N17513
728,N17507
729,N13990
730,N16149
731,N18101
732,N11121
733,N15983
734,N16502
735,N27512
736,N13132
737,N12519
738,N14516
739,N21130
740,N17108
741,N13964
742,N14930
743,N11539
744,N14960
745,N34110
746,N16954
747,N16151
748,N11140
749,N11106
750,N12567
751,N13978
752,N26545
753,N29515
754,N29906
755,N14905
756,N12528
757,N11107
758,N13965
759,N14105
760,N15574
761,N19503
762,N15973
763,N13988
764,N16951
765,N24517
766,N14153
767,N15912
768,N12160
769,N13949
770,N13118
771,N12136
772,N14993
773,N11535
774,N27962
775,N12126
776,N12957
777,N11155
778,N16520
779,N27523
780,N16571
781,N16525
782,N13995
783,N14945
784,N21144
785,N11113
786,N22971
787,N14125
788,N508MJ
789,N650ML
790,N455YV
791,N434YV
792,N988HA
793,N75998
794,N511MJ
795,N509MJ
796,N512MJ
797,N27173
798,N37342
799,N75991
800,N914FJ
801,N570ML
802,N17175
803,N507MJ
804,N516LR
805,N521LR
806,N37208
807,N77181
808,N77278
809,N27318
810,N513MJ
811,N518LR
812,N934FJ
813,N77331
814,N930LR
815,N939LR
816,N910FJ
817,N938LR
818,N906FJ
819,N921FJ
820,N942LR
821,N503MJ
822,N447YV
823,N506MJ
824,N515MJ
825,N446YV
826,N437YV
827,N27314
828,N75993
829,N593ML
830,N905FJ
831,N522LR
832,N646BR
833,N592ML
834,N502MJ
835,N17156
836,N75987
837,N87353
838,N501MJ
839,N77195
840,N591ML
841,N651BR
842,N77302
843,N920FJ
844,N77260
845,N935LR
846,N655BR
847,N75992
848,N908FJ
849,N504MJ
850,N909FJ
851,N27172
852,N7305V
853,N911FJ
854,N923FJ
855,N903FJ
856,N931LR
857,N912FJ
858,N449YV
859,N37178
860,N17231
861,N902FJ
862,N17358
863,N987HA
864,N917FJ
865,N929LR
866,N75995
867,N925FJ
868,N927LR
869,N75994
870,N519LR
871,N514MJ
872,N571ML
873,N928LR
874,N933LR
875,N444YV
876,N17275
877,N445YV
878,N649BR
879,N510MJ
880,N505MJ
881,N922FJ
882,N7264V
883,N27191
884,N77286
885,N448YV
886,N932LR
887,N651ML
888,N904FJ
889,N919FJ
890,N989HA
891,N693BR
892,N916FJ
893,N17337
894,N915FJ
895,N924FJ
896,N97325
897,N7291Z
898,N956LR
899,N454YV
900,N654BR
901,N47202
902,N907FJ
903,N991HA
904,N715SF
905,N926LR
906,N456YV
907,N918FJ
908,N913FJ
909,N154SF
910,N436YV
911,N27185
912,N805LR
913,N941CA
914,N989CA
915,N999CA
916,N518CA
917,N729CA
918,N679CA
919,N689CA
920,N786CA
921,N940CA
922,N34CA
923,N991cA
924,N956CA
925,N972CA
926,N809CA
927,N591SW
928,N819CA
929,N641CA
930,N818CA
931,N821CA
932,N798CA
933,N804CA
934,N436CA
935,N807CA
936,N708CA
937,N526CA
938,N692CA
939,N709CA
940,N371CA
941,N917CA
942,N958CA
943,N658CA
944,N957CA
945,N915CA
946,N435CA
947,N590SW
948,N932CA
949,N676CA
950,N523CA
951,N713CA
952,N589SW
953,N528CA
954,N595SW
955,N781CA
956,N927CA
957,N625CA
958,N797CA
959,N695CA
960,N587SW
961,N629BR
962,N398CA
963,N973CA
964,N964CA
965,N430CA
966,N815CA
967,N811CA
968,N720SW
969,N403CA
970,N369CA
971,N868CA
972,N446CA
973,N920CA
974,N784CA
975,N814CA
976,N960CA
977,N966CA
978,N931CA
979,N812CA
980,N918CA
981,N374CA
982,N427CA
983,N963CA
984,N690CA
985,N783CA
986,N710CA
987,N735CA
988,N455CA
989,N810CA
990,N739CA
991,N719CA
992,N967CA
993,N510CA
994,N653CA
995,N691CA
996,N588SW
997,N954CA
998,N597SW
999,N916CA
1000,N693CA
1001,N929CA
1002,N514CA
1003,N378CA
1004,N924CA
1005,N443CA
1006,N659BR
1007,N678CA
1008,N408CA
1009,N442CA
1010,N656CA
1011,N933CA
1012,N779CA
1013,N962CA
1014,N806CA
1015,N965CA
1016,N379CA
1017,N936CA
1018,N451CA
1019,N937CA
1020,N685BR
1021,N712CA
1022,N487CA
1023,N409CA
1024,N391CA
1025,N785CA
1026,N594SW
1027,N376CA
1028,N420CA
1029,N796CA
1030,N669CA
1031,N914CA
1032,N805CA
1033,N912CA
1034,N675BR
1035,N642CA
1036,N969CA
1037,N477CA
1038,N926CA
1039,N721CA
1040,N938CA
1041,N447CA
1042,N655CA
1043,N716CA
1044,N538CA
1045,N959CA
1046,N548CA
1047,N802SK
1048,N814SK
1049,N816SK
1050,N809SK
1051,N812SK
1052,N820SK
1053,N800SK
1054,N815SK
1055,N468CA
1056,N698BR
1057,N709BR
1058,N710BR
1059,N494CA
1060,N699BR
1061,N417SW
1062,N506CA
1063,N507CA
1064,N472CA
1065,N471CA
1066,N498CA
1067,N579SW
1068,N580SW
1069,N237SW
1070,N576SW
1071,N297SW
1072,N236SW
1073,N271YV
1074,N910EV
1075,N408SW
1076,N443SW
1077,N864AS
1078,N448SW
1079,N453SW
1080,N432SW
1081,N418SW
1082,N411SW
1083,N455SW
1084,N912EV
1085,N609SK
1086,N427SW
1087,N460SW
1088,N862AS
1089,N466SW
1090,N492SW
1091,N426SW
1092,N447SW
1093,N446SW
1094,N416SW
1095,N869AS
1096,N442SW
1097,N865AS
1098,N866AS
1099,N403SW
1100,N429SW
1101,N367CA
1102,N410SW
1103,N459SW
1104,N461SW
1105,N457SW
1106,N452SW
1107,N863AS
1108,N433SW
1109,N915EV
1110,N437SW
1111,N606SK
1112,N607SK
1113,N340CA
1114,N803SK
1115,N614SK
1116,N807SK
1117,N821SK
1118,N603SK
1119,N817SK
1120,N608SK
1121,N668CA
1122,N611SK
1123,N604SK
1124,N368CA
1125,N613SK
1126,N810SK
1127,N804SK
1128,N393SW
1129,N234SW
1130,N566SW
1131,N584SW
1132,N229SW
1133,N582SW
1134,N295UX
1135,N270YV
1136,N564SW
1137,N218SW
1138,N251YV
1139,N250YV
1140,N235SW
1141,N288SW
1142,N295SW
1143,N227SW
1144,N292SW
1145,N308SW
1146,N233SW
1147,N568SW
1148,N962SW
1149,N971SW
1150,N738SK
1151,N719SK
1152,N702SK
1153,N944SW
1154,N929SW
1155,N955SW
1156,N765SK
1157,N751SK
1158,N703SK
1159,N740SK
1160,N709SK
1161,N964SW
1162,N752SK
1163,N750SK
1164,N954SW
1165,N715SK
1166,N946SW
1167,N959SW
1168,N742SK
1169,N718SK
1170,N767SK
1171,N945SW
1172,N770SK
1173,N712SK
1174,N766SK
1175,N713SK
1176,N413SW
1177,N973SW
1178,N730SK
1179,N762SK
1180,N732SK
1181,N919SW
1182,N928SW
1183,N953SW
1184,N975SW
1185,N768SK
1186,N705SK
1187,N755SK
1188,N773SK
1189,N963SW
1190,N948SW
1191,N915SW
1192,N983SW
1193,N760SK
1194,N960SW
1195,N756SK
1196,N947SW
1197,N708SK
1198,N909SW
1199,N758SK
1200,N746SK
1201,N982SW
1202,N907SW
1203,N952SW
1204,N706SK
1205,N976SW
1206,N910SW
1207,N978SW
1208,N956SW
1209,N934SW
1210,N906SW
1211,N776SK
1212,N979SW
1213,N936SW
1214,N724SK
1215,N961SW
1216,N772SK
1217,N727SK
1218,N707SK
1219,N923SW
1220,N774SK
1221,N925SW
1222,N916SW
1223,N920SW
1224,N937SW
1225,N943SW
1226,N957SW
1227,N938SW
1228,N939SW
1229,N912SW
1230,N745SK
1231,N728SK
1232,N965SW
1233,N905SW
1234,N930SW
1235,N935SW
1236,N903SW
1237,N926SW
1238,N980SW
1239,N970SW
1240,N701SK
1241,N744SK
1242,N726SK
1243,N913SW
1244,N969SW
1245,N771SK
1246,N716SK
1247,N958SW
1248,N778SK
1249,N496CA
1250,N298SW
1251,N561SW
1252,N567SW
1253,N232SW
1254,N449SW
1255,N430SW
1256,N464SW
1257,N463SW
1258,N813SK
1259,N440SW
1260,N439SW
1261,N438SW
1262,N913EV
1263,N423SW
1264,N412SW
1265,N441SW
1266,N407SW
1267,N806SK
1268,N805SK
1269,N224SW
1270,N586SW
1271,N220SW
1272,N562SW
1273,N569SW
1274,N291SW
1275,N216SW
1276,N290SW
1277,N221SW
1278,N294SW
1279,N296SW
1280,N941SW
1281,N743SK
1282,N967SW
1283,N406SW
1284,N924SW
1285,N763SK
1286,N764SK
1287,N710SK
1288,N927SW
1289,N986SW
1290,N748SK
1291,N917SW
1292,N918SW
1293,N495CA
1294,N581SW
1295,N465SW
1296,N435SW
1297,N585SW
1298,N289YV
1299,N293SW
1300,N217SW
1301,N301YV
1302,N578SW
1303,N223SW
1304,N563SW
1305,N284YV
1306,N299SW
1307,N560SW
1308,N409SW
1309,N445SW
1310,N565SW
1311,N431SW
1312,N405SW
1313,N292UX
1314,N215SW
1315,N932SW
1316,N753SK
1317,N479CA
1318,N226SW
1319,N754SK
1320,N908SW
1321,N583SW
1322,N951SW
1323,N454SW
1324,N213UA
1325,N211UA
1326,N212UA
1327,N215UA
1328,N214UA
1329,N210UA
1330,N820UA
1331,N840UA
1332,N455UA
1333,N834UA
1334,N429UA
1335,N818UA
1336,N416UA
1337,N428UA
1338,N554UA
1339,N641UA
1340,N555UA
1341,N648UA
1342,N558UA
1343,N502UA
1344,N525UA
1345,N560UA
1346,N508UA
1347,N504UA
1348,N510UA
1349,N557UA
1350,N518UA
1351,N512UA
1352,N517UA
1353,N505UA
1354,N511UA
1355,N532UA
1356,N305UA
1357,N381UA
1358,N935UA
1359,N378UA
1360,N654UA
1361,N542UA
1362,N662UA
1363,N526UA
1364,N553UA
1365,N523UA
1366,N556UA
1367,N537UA
1368,N565UA
1369,N595UA
1370,N656UA
1371,N830UA
1372,N817UA
1373,N848UA
1374,N466UA
1375,N835UA
1376,N340UA
1377,N852UA
1378,N364UA
1379,N562UA
1380,N841UA
1381,N404UA
1382,N807UA
1383,N582UA
1384,N674UA
1385,N670UA
1386,N664UA
1387,N665UA
1388,N672UA
1389,N548UA
1390,N547UA
1391,N677UA
1392,N549UA
1393,N546UA
1394,N337UA
1395,N334UA
1396,N383UA
1397,N585UA
1398,N587UA
1399,N531UA
1400,N563UA
1401,N516UA
1402,N538UA
1403,N513UA
1404,N536UA
1405,N575UA
1406,N515UA
1407,N667UA
1408,N666UA
1409,N673UA
1410,N544UA
1411,N552UA
1412,N589UA
1413,N551UA
1414,N590UA
1415,N349UA
1416,N313UA
1417,N341UA
1418,N668UA
1419,N586UA
1420,N598UA
1421,N596UA
1422,N377UA
1423,N399UA
1424,N304UA
1425,N371UA
1426,N347UA
1427,N923UA
1428,N369UA
1429,N671UA
1430,N918UA
1431,N374UA
1432,N937UA
1433,N910UA
1434,N675UA
1435,N461UA
1436,N411UA
1437,N310UA
1438,N366UA
1439,N597UA
1440,N545UA
1441,N676UA
1442,N413UA
1443,N424UA
1444,N572UA
1445,N431UA
1446,N434UA
1447,N421UA
1448,N375UA
1449,N329UA
1450,N370UA
1451,N932UA
1452,N435UA
1453,N463UA
1454,N927UA
1455,N669UA
1456,N427UA
1457,N837UA
1458,N831UA
1459,N815UA
1460,N814UA
1461,N420UA
1462,N825UA
1463,N851UA
1464,N543UA
1465,N914UA
1466,N912UA
1467,N924UA
1468,N930UA
1469,N907UA
1470,N330UA
1471,N922UA
1472,N933UA
1473,N936UA
1474,N913UA
1475,N550UA
1476,N403UA
1477,N367UA
1478,N919UA
1479,N941UA
1480,N376UA
1481,N202UA
1482,N903UA
1483,N521UA
1484,N520UA
1485,N845UA
1486,N567UA
1487,N568UA
1488,N571UA
1489,N559UA
1490,N579UA
1491,N539UA
1492,N811UA
1493,N468UA
1494,N415UA
1495,N430UA
1496,N843UA
1497,N829UA
1498,N422UA
1499,N573UA
1500,N806UA
1501,N855UA
1502,N828UA
1503,N827UA
1504,N826UA
1505,N836UA
1506,N802UA
1507,N409UA
1508,N813UA
1509,N405UA
1510,N833UA
1511,N454UA
1512,N470UA
1513,N844UA
1514,N379UA
1515,N303UA
1516,N350UA
1517,N315UA
1518,N348UA
1519,N336UA
1520,N527UA
1521,N351UA
1522,N921UA
1523,N342UA
1524,N938UA
1525,N904UA
1526,N925UA
1527,N934UA
1528,N801UA
1529,N373UA
1530,N821UA
1531,N819UA
1532,N325UA
1533,N386UA
1534,N810UA
1535,N846UA
1536,N203UA
1537,N577UA
1538,N519UA
1539,N593UA
1540,N561UA
1541,N566UA
1542,N535UA
1543,N569UA
1544,N534UA
1545,N842UA
1546,N808UA
1547,N426UA
1548,N849UA
1549,N853UA
1550,N417UA
1551,N464UA
1552,N822UA
1553,N412UA
1554,N530UA
1555,N832UA
1556,N425UA
1557,N436UA
1558,N433UA
1559,N312UA
1560,N503UA
1561,N326UA
1562,N581UA
1563,N580UA
1564,N583UA
1565,N335UA
1566,N365UA
1567,N928UA
1568,N308UA
1569,N902UA
1570,N929UA
1571,N906UA
1572,N456UA
1573,N423UA
1574,N850UA
1575,N642UA
1576,N121UA
1577,N786UA
1578,N646UA
1579,N661UA
1580,N524UA
1581,N594UA
1582,N522UA
1583,N578UA
1584,N501UA
1585,N506UA
1586,N540UA
1587,N437UA
1588,N803UA
1589,N816UA
1590,N509UA
1591,N839UA
1592,N655UA
1593,N660UA
1594,N332UA
1595,N474UA
1596,N564UA
1597,N541UA
1598,N301UA
1599,N398UA
1600,N812UA
1601,N847UA
1602,N309UA
1603,N574UA
1604,N419UA
1605,N314UA
1606,N443UA
1607,N432UA
1608,N584UA
1609,N588UA
1610,N809UA
1611,N804UA
1612,N410UA
1613,N489UA
1614,N372UA
1615,N327UA
1616,N338UA
1617,N302UA
1618,N105UA
1619,N854UA
1620,N318UA
1621,N311UA
1622,N824UA
1623,N942UA
1624,N771UA
1625,N457UA
1626,N218UA
1627,N507UA
1628,N346UA
1629,N385UA
1630,N514UA
1631,N592UA
1632,N418UA
1633,N333UA
1634,N382UA
1635,N791UA
1636,N458UA
1637,N838UA
1638,N823UA
1639,N570UA
1640,N528UA
1641,N306UA
1642,N331UA
1643,N576UA
1644,N529UA
1645,N533UA
1646,N228UA
1647,N197UA
1648,N643UA
1649,N652UA
1650,N651UA
1651,N444UA
1652,N805UA
1653,N462UA
1654,N328UA
1655,N307UA
1656,N406UA
1657,N905UA
1658,N483UA
1659,N769UA
1660,N663UA
1661,N402UA
1662,N440UA
1663,N782UA
1664,N206UA
1665,N798UA
1666,N793UA
1667,N780UA
1668,N173UA
1669,N797UA
1670,N788UA
1671,N221UA
1672,N785UA
1673,N781UA
1674,N772UA
1675,N778UA
1676,N773UA
1677,N768UA
1678,N794UA
1679,N777UA
1680,N775UA
1681,N339UA
1682,N479UA
1683,N498UA
1684,N447UA
1685,N644UA
1686,N485UA
1687,N653UA
1688,N657UA
1689,N658UA
1690,N414UA
1691,N471UA
1692,N496UA
1693,N490UA
1694,N445UA
1695,N484UA
1696,N488UA
1697,N487UA
1698,N120UA
1699,N401UA
1700,N446UA
1701,N441UA
1702,N448UA
1703,N491UA
1704,N649UA
1705,N460UA
1706,N439UA
1707,N476UA
1708,N225UA
1709,N659UA
1710,N774UA
1711,N776UA
1712,N795UA
1713,N779UA
1714,N209UA
1715,N647UA
1716,N223UA
1717,N222UA
1718,N449UA
1719,N480UA
1720,N465UA
1721,N475UA
1722,N493UA
1723,N492UA
1724,N486UA
1725,N478UA
1726,N459UA
1727,N467UA
1728,N495UA
1729,N477UA
1730,N473UA
1731,N451UA
1732,N482UA
1733,N452UA
1734,N481UA
1735,N497UA
1736,N438UA
1737,N442UA
1738,N494UA
1739,N408UA
1740,N453UA
1741,N407UA
1742,N472UA
1743,N469UA
1744,N512AU
1745,N815AW
1746,N724UW
1747,N105UW
1748,N950UW
1749,N838AW
1750,N637AW
1751,N114UW
1752,N927UW
1753,N730US
1754,N650AW
1755,N944UW
1756,N173US
1757,N704US
1758,N438US
1759,N530AU
1760,N824AW
1761,N711UW
1762,N458UW
1763,N946UW
1764,N187US
1765,N752US
1766,N932UW
1767,N922UW
1768,N182UW
1769,N924UW
1770,N531AU
1771,N921UW
1772,N445US
1773,N457UW
1774,N725UW
1775,N169UW
1776,N405US
1777,N422US
1778,N427US
1779,N757UW
1780,N444US
1781,N451UW
1782,N590US
1783,N203UW
1784,N181UW
1785,N941UW
1786,N764US
1787,N702UW
1788,N533AU
1789,N505AU
1790,N532AU
1791,N754UW
1792,N937UW
1793,N185UW
1794,N102UW
1795,N763US
1796,N172US
1797,N709UW
1798,N769US
1799,N404US
1800,N934UW
1801,N935UW
1802,N179UW
1803,N574US
1804,N433US
1805,N106US
1806,N733UW
1807,N708UW
1808,N577US
1809,N504AU
1810,N434US
1811,N589US
1812,N112US
1813,N119US
1814,N722US
1815,N939UW
1816,N245AY
1817,N649AW
1818,N167US
1819,N665AW
1820,N188US
1821,N424US
1822,N723UW
1823,N162UW
1824,N701UW
1825,N430US
1826,N104UW
1827,N183UW
1828,N177US
1829,N118US
1830,N930UW
1831,N917UW
1832,N753US
1833,N176UW
1834,N823AW
1835,N516AU
1836,N737US
1837,N721UW
1838,N123UW
1839,N117UW
1840,N454UW
1841,N450UW
1842,N441US
1843,N913AW
1844,N703UW
1845,N766US
1846,N745VJ
1847,N174US
1848,N315AW
1849,N166AW
1850,N334AW
1851,N805AW
1852,N664AW
1853,N620AW
1854,N740UW
1855,N435US
1856,N905AW
1857,N902AW
1858,N627AW
1859,N814AW
1860,N642AW
1861,N904AW
1862,N109UW
1863,N918UW
1864,N644AW
1865,N659AW
1866,N653AW
1867,N803AW
1868,N648AW
1869,N822AW
1870,N651AW
1871,N625AW
1872,N801AW
1873,N657AW
1874,N662AW
1875,N601AW
1876,N925UW
1877,N121UW
1878,N923UW
1879,N929UW
1880,N603AW
1881,N668AW
1882,N636AW
1883,N604AW
1884,N113UW
1885,N672AW
1886,N168AW
1887,N303AW
1888,N108UW
1889,N806AW
1890,N826AW
1891,N812AW
1892,N660AW
1893,N634AW
1894,N755US
1895,N306AW
1896,N440US
1897,N206UW
1898,N712US
1899,N302AW
1900,N420US
1901,N948UW
1902,N949UW
1903,N908AW
1904,N807AW
1905,N717UW
1906,N517AU
1907,N628AW
1908,N667AW
1909,N663AW
1910,N679AW
1911,N742PS
1912,N439US
1913,N762US
1914,N746UW
1915,N654AW
1916,N308AW
1917,N951UW
1918,N443US
1919,N705UW
1920,N748UW
1921,N940UW
1922,N186US
1923,N933UW
1924,N191UW
1925,N205UW
1926,N750UW
1927,N821AW
1928,N184US
1929,N165US
1930,N945UW
1931,N954UW
1932,N178US
1933,N171US
1934,N271AY
1935,N936UW
1936,N825AW
1937,N830AW
1938,N633AW
1939,N828AW
1940,N103US
1941,N813AW
1942,N901AW
1943,N809AW
1944,N602AW
1945,N675AW
1946,N655AW
1947,N626AW
1948,N629AW
1949,N906AW
1950,N818AW
1951,N316AW
1952,N631AW
1953,N305AW
1954,N314AW
1955,N170US
1956,N111US
1957,N751UW
1958,N307AW
1959,N332AW
1960,N632AW
1961,N835AW
1962,N164AW
1963,N829AW
1964,N624AW
1965,N640AW
1966,N180US
1967,N678AW
1968,N831AW
1969,N591US
1970,N820AW
1971,N511AU
1972,N514AU
1973,N767UW
1974,N756US
1975,N804AW
1976,N770UW
1977,N953UW
1978,N714US
1979,N588US
1980,N747UW
1981,N506AU
1982,N518AU
1983,N163US
1984,N107US
1985,N442US
1986,N417US
1987,N768US
1988,N406US
1989,N418US
1990,N527AU
1991,N920UW
1992,N942UW
1993,N938UW
1994,N749US
1995,N526AU
1996,N426US
1997,N452UW
1998,N449US
1999,N713UW
2000,N253AY
2001,N456UW
2002,N758US
2003,N738US
2004,N715UW
2005,N432US
2006,N175AW
2007,N158AW
2008,N810AW
2009,N817AW
2010,N680AW
2011,N529AU
2012,N122US
2013,N309AW
2014,N652AW
2015,N677AW
2016,N605AW
2017,N834AW
2018,N157AW
2019,N155AW
2020,N459UW
2021,N840AW
2022,N656AW
2023,N910AW
2024,N673AW
2025,N837AW
2026,N710UW
2027,N192UW
2028,N202UW
2029,N421US
2030,N741UW
2031,N760US
2032,N246AY
2033,N200UU
2034,N716UW
2035,N189UW
2036,N833AW
2037,N156AW
2038,N903AW
2039,N832AW
2040,N647AW
2041,N827AW
2042,N676AW
2043,N914AW
2044,N732US
2045,N765US
2046,N661AW
2047,N124US
2048,N110UW
2049,N455UW
2050,N161UW
2051,N256AY
2052,N425US
2053,N839AW
2054,N311AW
2055,N619AW
2056,N916UW
2057,N251AY
2058,N204UW
2059,N621AW
2060,N248AY
2061,N423US
2062,N909AW
2063,N808AW
2064,N816AW
2065,N658AW
2066,N409US
2067,N460UW
2068,N947UW
2069,N836AW
2070,N313AW
2071,N419US
2072,N802AW
2073,N322AW
2074,N272AY
2075,N255AY
2076,N249AU
2077,N819AW
2078,N744P
2079,N250AY
2080,N160AW
2081,N190UW
2082,N453UW
2083,N952UW
2084,N276AY
2085,N275AY
2086,N674AW
2087,N700UW
2088,N201UU
2089,N669AW
2090,N919UW
2091,N273AY
2092,N622AW
2093,N277AY
2094,N274AY
2095,N322SW
2096,N397DA
2097,N678DL
2098,N945DL
2099,N6706Q
2100,N610DL
2101,N129DL
2102,N924DL
2103,N918DL
2104,N917DE
2105,N6714Q
2106,N994DL
2107,N606DL
2108,N901DE
2109,N712TW
2110,N616DL
2111,N944DL
2112,N3743H
2113,N991DL
2114,N906DA
2115,N974DL
2116,N943DL
2117,N639DL
2118,N921DL
2119,N673DL
2120,N380DA
2121,N3738B
2122,N908DA
2123,N3740C
2124,N905DA
2125,N916DL
2126,N637DL
2127,N911DA
2128,N137DL
2129,N827MH
2130,N983DL
2131,N963DL
2132,N999DN
2133,N907DL
2134,N913DE
2135,N910DE
2136,N916DE
2137,N908DE
2138,N909DE
2139,N658DL
2140,N864DA
2141,N860DA
2142,N6700
2143,N662DN
2144,N833MH
2145,N6711M
2146,N682DA
2147,N685DA
2148,N139DL
2149,N630DL
2150,N828MH
2151,N6709
2152,N965DL
2153,N667DN
2154,N6704Z
2155,N954DL
2156,N1402A
2157,N684DA
2158,N609DL
2159,N614DL
2160,N395DN
2161,N721TW
2162,N920DE
2163,N906DL
2164,N378DA
2165,N674DL
2166,N6715C
2167,N981DL
2168,N621DL
2169,N936DL
2170,N618DL
2171,N645DL
2172,N692DL
2173,N710TW
2174,N975DL
2175,N3735D
2176,N969DL
2177,N903DE
2178,N951DL
2179,N995DL
2180,N956DL
2181,N703TW
2182,N935DL
2183,N980DL
2184,N656DL
2185,N138DL
2186,N631DL
2187,N3733Z
2188,N612DL
2189,N904DE
2190,N382DA
2191,N681DA
2192,N993DL
2193,N939DL
2194,N831MH
2195,N973DL
2196,N941DL
2197,N933DL
2198,N654DL
2199,N124DE
2200,N911DL
2201,N133DN
2202,N835MH
2203,N923DL
2204,N966DL
2205,N996DL
2206,N3762Y
2207,N607DL
2208,N919DL
2209,N829MH
2210,N960DL
2211,N909DA
2212,N661DN
2213,N3734B
2214,N927DA
2215,N634DL
2216,N659DL
2217,N932DL
2218,N396DA
2219,N687DL
2220,N912DL
2221,N982DL
2222,N989DL
2223,N615DL
2224,N624DL
2225,N140LL
2226,N968DL
2227,N617DL
2228,N905DE
2229,N967DL
2230,N997DL
2231,N977DL
2232,N6707A
2233,N900DE
2234,N992DL
2235,N914DL
2236,N3731T
2237,N699DL
2238,N638DL
2239,N986DL
2240,N3767
2241,N373DA
2242,N948DL
2243,N657DL
2244,N383DN
2245,N702TW
2246,N709TW
2247,N387DA
2248,N660DL
2249,N952DL
2250,N938DL
2251,N953DL
2252,N398DA
2253,N903DA
2254,N641DL
2255,N914DN
2256,N134DL
2257,N666DN
2258,N913DN
2259,N628DL
2260,N947DL
2261,N998DL
2262,N970DL
2263,N3765
2264,N905DL
2265,N393DA
2266,N647DL
2267,N131DN
2268,N686DA
2269,N677DL
2270,N642DL
2271,N627DL
2272,N750AT
2273,N3755D
2274,N6701
2275,N904DL
2276,N608DA
2277,N971DL
2278,N984DL
2279,N931DL
2280,N6703D
2281,N375DA
2282,N689DL
2283,N707TW
2284,N181DN
2285,N862DA
2286,N751AT
2287,N690DL
2288,N3742C
2289,N706TW
2290,N386DA
2291,N961DL
2292,N919DE
2293,N928DL
2294,N916DN
2295,N623DL
2296,N644DL
2297,N695DA
2298,N670DN
2299,N648DL
2300,N926DL
2301,N625DL
2302,N199DN
2303,N632DL
2304,N990DL
2305,N675DL
2306,N910DL
2307,N676DL
2308,N680DA
2309,N125DL
2310,N907DE
2311,N651DL
2312,N694DA
2313,N955DL
2314,N3749D
2315,N987DL
2316,N704X
2317,N67171
2318,N929DL
2319,N904DA
2320,N136DL
2321,N377DA
2322,N3764D
2323,N978DL
2324,N3768
2325,N912DN
2326,N653DL
2327,N964DL
2328,N669DN
2329,N665DN
2330,N836MH
2331,N832MH
2332,N3756
2333,N915DN
2334,N907DA
2335,N830MH
2336,N697DL
2337,N946DL
2338,N601DL
2339,N908DL
2340,N646DL
2341,N633DL
2342,N979DL
2343,N379DA
2344,N902DA
2345,N629DL
2346,N937DL
2347,N901DA
2348,N649DL
2349,N126DL
2350,N3754A
2351,N917DL
2352,N6716C
2353,N636DL
2354,N6710E
2355,N144DA
2356,N688DL
2357,N918DE
2358,N6708D
2359,N6705Y
2360,N3748Y
2361,N130DL
2362,N619DL
2363,N3763D
2364,N652DL
2365,N962DL
2366,N958DL
2367,N922DL
2368,N930DL
2369,N3750D
2370,N622DL
2371,N3752
2372,N371DA
2373,N635DL
2374,N3766
2375,N3771K
2376,N3732J
2377,N394DA
2378,N693DL
2379,N664DN
2380,N942DL
2381,N934DL
2382,N940DL
2383,N949DL
2384,N913DL
2385,N911DE
2386,N683DA
2387,N127DL
2388,N172DN
2389,N950DL
2390,N3759
2391,N6712B
2392,N185DN
2393,N3760C
2394,N867DA
2395,N909DL
2396,N604DL
2397,N613DL
2398,N920DL
2399,N976DL
2400,N176DN
2401,N381DA
2402,N696DA
2403,N671DN
2404,N3751B
2405,N3741S
2406,N385DN
2407,N679DA
2408,N602DL
2409,N925DL
2410,N143DA
2411,N389DA
2412,N3758Y
2413,N668DN
2414,N972DL
2415,N391DA
2416,N838MH
2417,N902DE
2418,N376DA
2419,N6702
2420,N863DA
2421,N175DN
2422,N834MH
2423,N3761R
2424,N752AT
2425,N3747D
2426,N655DL
2427,N650DL
2428,N640DL
2429,N135DL
2430,N3730B
2431,N6713Y
2432,N3745B
2433,N128DL
2434,N3757D
2435,N915DL
2436,N985DL
2437,N384DA
2438,N3744D
2439,N3737C
2440,N906DE
2441,N861DA
2442,N988DL
2443,N390DA
2444,N1200K
2445,N957DL
2446,N663DN
2447,N626DL
2448,N672DL
2449,N3769L
2450,N900PC
2451,N757AT
2452,N912DE
2453,N611DL
2454,N605DL
2455,N191DN
2456,N392DA
2457,N3753
2458,N3739
2459,N915DE
2460,N37700
2461,N914DE
2462,N399DA
2463,N372DA
2464,N843MH
2465,N121DE
2466,N174DN
2467,N825MH
2468,N698DL
2469,N388DA
2470,N910DN
2471,N184DN
2472,N3746H
2473,N173DN
2474,N317CA
2475,N738EV
2476,N854AS
2477,N820AS
2478,N713EV
2479,N908EV
2480,N843AS
2481,N684BR
2482,N858AS
2483,N877AS
2484,N880AS
2485,N886AS
2486,N970EV
2487,N837AS
2488,N924EV
2489,N889AS
2490,N720EV
2491,N706EV
2492,N355CA
2493,N849AS
2494,N390CA
2495,N740EV
2496,N712EV
2497,N659CA
2498,N750EV
2499,N331CA
2500,N717EV
2501,N709EV
2502,N708EV
2503,N760EV
2504,N354CA
2505,N741EV
2506,N748EV
2507,N925EV
2508,N902EV
2509,N851AS
2510,N935EV
2511,N838AS
2512,N846AS
2513,N850AS
2514,N868AS
2515,N900EV
2516,N931EV
2517,N842AS
2518,N874AS
2519,N973EV
2520,N827AS
2521,N914EV
2522,N919EV
2523,N921EV
2524,N922EV
2525,N754EV
2526,N932EV
2527,N906EV
2528,N744EV
2529,N686BR
2530,N759EV
2531,N724EV
2532,N723EV
2533,N758EV
2534,N977EV
2535,N681BR
2536,N847AS
2537,N857AS
2538,N971EV
2539,N878AS
2540,N828AS
2541,N853AS
2542,N834AS
2543,N976EV
2544,N710EV
2545,N825AS
2546,N830AS
2547,N972EV
2548,N867AS
2549,N848AS
2550,N929EV
2551,N833AS
2552,N909EV
2553,N873AS
2554,N836AS
2555,N979EV
2556,N856AS
2557,N682BR
2558,N872AS
2559,N824AS
2560,N870AS
2561,N683BR
2562,N927EV
2563,N974EV
2564,N882AS
2565,N905EV
2566,N852AS
2567,N855AS
2568,N916EV
2569,N719EV
2570,N752EV
2571,N718EV
2572,N722EV
2573,N839AS
2574,N876AS
2575,N730EV
2576,N761EV
2577,N707EV
2578,N933EV
2579,N879AS
2580,N903EV
2581,N751EV
2582,N755EV
2583,N981EV
2584,N861AS
2585,N934EV
2586,N885AS
2587,N716EV
2588,N883AS
2589,N680BR
2590,N859AS
2591,N823AS
2592,N875AS
2593,N844AS
2594,N930EV
2595,N928EV
2596,N826AS
2597,N978EV
2598,N753EV
2599,N920EV
2600,N845AS
2601,N937EV
2602,N860AS
2603,N636AS
2604,N635AS
2605,N634AS
2606,N637AS
2607,N632AS
2608,N633AS
2609,N643AS
2610,N642AS
2611,N631AS
2612,N630AS
2613,N917EV
2614,N840AS
2615,N923EV
2616,N832AS
2617,N881AS
2618,N871AS
2619,N835AS
2620,N829AS
2621,N907EV
2622,N884AS
2623,N926EV
2624,N904EV
2625,N901EV
2626,N936EV
2627,N821AS
2628,N841AS
2629,N980EV
2630,N975EV
2631,N640AS
2632,N641AS
2633,N801FR
2634,N802FR
2635,N803FR
2636,N804FR
2637,N805FR
2638,N807FR
2639,N808FR
2640,N809FR
2641,N812FR
2642,N901FR
2643,N902FR
2644,N903FR
2645,N904FR
2646,N905FR
2647,N906FR
2648,N907FR
2649,N909FR
2650,N912FR
2651,N913FR
2652,N914FR
2653,N915FR
2654,N916FR
2655,N917FR
2656,N918FR
2657,N919FR
2658,N920FR
2659,N921FR
2660,N922FR
2661,N923FR
2662,N924FR
2663,N925FR
2664,N926FR
2665,N927FR
2666,N928FR
2667,N929FR
2668,N930FR
2669,N931FR
2670,N932FR
2671,N933FR
2672,N934FR
2673,N935FR
2674,N936FR
2675,N937FR
2676,N938FR
2677,N939FR
2678,N940FR
2679,N942FR
2680,N943FR
2681,N944FR
2682,N945FR
2683,N946FR
2684,N948FR
2685,N949FR
2686,N950FR
2687,N806FR
2688,N810FR
2689,N908FR
2690,N910FR
2691,N941FR
2692,N947FR
2693,N176AT
2694,N950AT
2695,N940AT
2696,N965AT
2697,N604AT
2698,N935AT
2699,N295AT
2700,N329AT
2701,N330AT
2702,N978AT
2703,N990AT
2704,N929AT
2705,N906AT
2706,N926AT
2707,N717JL
2708,N937AT
2709,N947AT
2710,N923AT
2711,N979AT
2712,N936AT
2713,N311AT
2714,N963AT
2715,N891AT
2716,N326AT
2717,N288AT
2718,N278AT
2719,N168AT
2720,N977AT
2721,N279AT
2722,N174AT
2723,N328AT
2724,N308AT
2725,N292AT
2726,N915AT
2727,N126AT
2728,N988AT
2729,N261AT
2730,N318AT
2731,N993AT
2732,N149AT
2733,N284AT
2734,N969AT
2735,N166AT
2736,N272AT
2737,N954AT
2738,N986AT
2739,N956AT
2740,N967AT
2741,N899AT
2742,N932AT
2743,N953AT
2744,N982AT
2745,N971AT
2746,N313AT
2747,N291AT
2748,N173AT
2749,N307AT
2750,N317AT
2751,N312AT
2752,N281AT
2753,N285AT
2754,N944AT
2755,N299AT
2756,N938AT
2757,N286AT
2758,N966AT
2759,N981AT
2760,N287AT
2761,N296AT
2762,N992AT
2763,N331AT
2764,N998AT
2765,N175AT
2766,N957AT
2767,N896AT
2768,N300AT
2769,N996AT
2770,N167AT
2771,N919AT
2772,N959AT
2773,N987AT
2774,N892AT
2775,N933AT
2776,N939AT
2777,N960AT
2778,N184AT
2779,N925AT
2780,N309AT
2781,N267AT
2782,N968AT
2783,N975AT
2784,N930AT
2785,N921AT
2786,N273AT
2787,N955AT
2788,N985AT
2789,N997AT
2790,N289AT
2791,N974AT
2792,N945AT
2793,N972AT
2794,N922AT
2795,N240AT
2796,N927AT
2797,N983AT
2798,N946AT
2799,N894AT
2800,N949AT
2801,N958AT
2802,N994AT
2803,N934AT
2804,N942AT
2805,N948AT
2806,N910AT
2807,N893AT
2808,N995AT
2809,N895AT
2810,N169AT
2811,N315AT
2812,N952AT
2813,N276AT
2814,N980AT
2815,N991AT
2816,N964AT
2817,N928AT
2818,N603AT
2819,N989AT
2820,N268AT
2821,N951AT
2822,N924AT
2823,N316AT
2824,N283AT
2825,N920AT
2826,N290AT
2827,N970AT
2828,N961AT
2829,N943AT
2830,N593HA
2831,N594HA
2832,N591HA
2833,N598HA
2834,N580HA
2835,N582HA
2836,N597HA
2837,N596HA
2838,N585HA
2839,N581HA
2840,N583HA
2841,N590HA
2842,N588HA
2843,N592HA
2844,N587HA
2845,N584HA
2846,N589HA
2847,N481HA
2848,N487HA
2849,N475HA
2850,N485HA
2851,N477HA
2852,N486HA
2853,N480HA
2854,N476HA
2855,N484HA
2856,N478HA
2857,N479HA
2858,N394AE
2859,N384AE
2860,N807AE
2861,N800AE
2862,N253AE
2863,N340RC
2864,N323AE
2865,N317AE
2866,N301AE
2867,N240DS
2868,N313AE
2869,N835AE
2870,N329AE
2871,N848AE
2872,N821AE
2873,N853AE
2874,N841AE
2875,N810AE
2876,N818AE
2877,N822AE
2878,N523AE
2879,N514AE
2880,N522AE
2881,N501BG
2882,N513AE
2883,N515AE
2884,N516AE
2885,N508AE
2886,N521AE
2887,N511AE
2888,N500AE
2889,N503AE
2890,N211NE
2891,N236AE
2892,N825AE
2893,N304AE
2894,N324AE
2895,N266AE
2896,N263AE
2897,N286AE
2898,N904AE
2899,N902AE
2900,N307AE
2901,N809AE
2902,N218AE
2903,N238AE
2904,N232AE
2905,N298AE
2906,N219AE
2907,N939AE
2908,N826AE
2909,N824AE
2910,N805AE
2911,N802AE
2912,N830AE
2913,N815AE
2914,N845AE
2915,N833AE
2916,N679AE
2917,N250AE
2918,N667GB
2919,N909AE
2920,N933JN
2921,N655AE
2922,N661JA
2923,N620AE
2924,N663AR
2925,N935AE
2926,N697AB
2927,N506AE
2928,N517AE
2929,N507AE
2930,N524AE
2931,N518AE
2932,N520DC
2933,N504AE
2934,N649PP
2935,N647AE
2936,N942AE
2937,N687JS
2938,N656AE
2939,N814AE
2940,N509AE
2941,N505AE
2942,N519AE
2943,N681AE
2944,N653AE
2945,N677AE
2946,N686AE
2947,N671AE
2948,N680AE
2949,N639AE
2950,N678AE
2951,N633AE
2952,N673AE
2953,N660CL
2954,N928AE
2955,N696AE
2956,N689EC
2957,N629AE
2958,N643AE
2959,N662EH
2960,N836AE
2961,N820AE
2962,N804AE
2963,N844AE
2964,N623AE
2965,N847AE
2966,N685AE
2967,N850AE
2968,N684JW
2969,N932AE
2970,N512AE
2971,N502AE
2972,N694AE
2973,N630AE
2974,N922AE
2975,N657AE
2976,N646AE
2977,N817AE
2978,N831AE
2979,N808AE
2980,N619AE
2981,N614AE
2982,N510AE
2983,N906AE
2984,N813AE
2985,N801AE
2986,N806AE
2987,N849AE
2988,N682AE
2989,N931AE
2990,N670AE
2991,N829AE
2992,N819AE
2993,N650AE
2994,N658AE
2995,N858AE
2996,N803AE
2997,N843AE
2998,N624AE
2999,N698CB
3000,N832AE
3001,N625AE
3002,N621AE
3003,N668HH
3004,N699AE
3005,N923AE
3006,N622AE
3007,N838AE
3008,N611AE
3009,N852AE
3010,N672AE
3011,N628AE
3012,N669MB
3013,N840AE
3014,N706RG
3015,N695AE
3016,N613AE
3017,N941LT
3018,N812AE
3019,N854AE
3020,N846AE
3021,N816AE
3022,N638AE
3023,N615AE
3024,N648AE
3025,N683AE
3026,N627AE
3027,N631AE
3028,N905JH
3029,N693AE
3030,N634AE
3031,N659AE
3032,N828AE
3033,N644AE
3034,N692AE
3035,N635AE
3036,N636AE
3037,N612AE
3038,N900AE
3039,N676AE
3040,N642AE
3041,N837AE
3042,N834AE
3043,N827AE
3044,N851AE
3045,N665BC
3046,N691AE
3047,N645AE
3048,N918AE
3049,N637AE
3050,N675AE
3051,N925AE
3052,N632AE
3053,N641AE
3054,N640AE
3055,N654AE
3056,N626AE
3057,N610AE
3058,N857AE
3059,N823AE
3060,N664MS
3061,N652RS
3062,N616AE
3063,N690AE
3064,N907AE
3065,N688AE
3066,N908AE
3067,N651AE
3068,N902BC
3069,N618AE
3070,N700LE
3071,N855AE
3072,N842AE
3073,N617AE
3074,N674RJ
3075,N811AE
3076,N839AE
3077,N733KR
3078,N724AE
3079,N856AE
3080,N731BE
3081,N727AE
3082,N726AE
3083,N725AE
3084,N738NR
3085,N708AE
3086,N732DH
3087,N703MR
3088,N705AE
3089,N707EB
3090,N716AE
3091,N710TB
3092,N719AE
3093,N702AE
3094,N717AE
3095,N720AE
3096,N712AE
3097,N737MW
3098,N701MH
3099,N739AE
3100,N704PG
3101,N713AE
3102,N721HS
3103,N715AE
3104,N730KW
3105,N736DT
3106,N728AE
3107,N723AE
3108,N711PH
3109,N722AE
3110,N735TS
3111,N729AE
3112,N734EK
3113,N709GB
3114,N718AE
3115,N513US
3116,N520US
3117,N504US
3118,N554NW
3119,N527US
3120,N533US
3121,N557NW
3122,N530US
3123,N502US
3124,N521US
3125,N507US
3126,N553NW
3127,N547US
3128,N311US
3129,N528US
3130,N552NW
3131,N329NB
3132,N511US
3133,N529US
3134,N517US
3135,N512US
3136,N526US
3137,N534US
3138,N532US
3139,N555NW
3140,N356NW
3141,N320US
3142,N522US
3143,N503US
3144,N509US
3145,N357NW
3146,N378NW
3147,N518US
3148,N523US
3149,N519US
3150,N514US
3151,N501US
3152,N531US
3153,N364NW
3154,N374NW
3155,N333NW
3156,N321US
3157,N342NW
3158,N508US
3159,N301US
3160,N352NW
3161,N525US
3162,N516US
3163,N505US
3164,N506US
3165,N549US
3166,N548US
3167,N775NC
3168,N773NC
3169,N760NC
3170,N600TR
3171,N777NC
3172,N785NC
3173,N776NC
3174,N753NW
3175,N772NC
3176,N756NW
3177,N767NC
3178,N770NC
3179,N670MC
3180,N671MC
3181,N8925E
3182,N1309T
3183,N925US
3184,N779NC
3185,N778NC
3186,N771NC
3187,N769NC
3188,N676MC
3189,N675MC
3190,N781NC
3191,N359NW
3192,N8938E
3193,N8923E
3194,N784NC
3195,N365NW
3196,N349NW
3197,N343NW
3198,N373NW
3199,N330NW
3200,N337NW
3201,N325US
3202,N319US
3203,N353NW
3204,N371NW
3205,N345NW
3206,N764NC
3207,N341NW
3208,N305US
3209,N332NW
3210,N765NC
3211,N967N
3212,N401EA
3213,N782NC
3214,N774NC
3215,N760NW
3216,N783NC
3217,N322US
3218,N318NB
3219,N354NB
3220,N335NB
3221,N355NB
3222,N301NB
3223,N334NB
3224,N331NB
3225,N327NB
3226,N344NB
3227,N343NB
3228,N345NB
3229,N363NB
3230,N780NC
3231,N8929E
3232,N8945E
3233,N8920E
3234,N361NB
3235,N368NB
3236,N330NB
3237,N357NB
3238,N358NB
3239,N369NB
3240,N338NW
3241,N606NW
3242,N8944E
3243,N1799U
3244,N787NC
3245,N677MC
3246,N376NW
3247,N362NW
3248,N325NB
3249,N317NB
3250,N322NB
3251,N321NB
3252,N360NB
3253,N326NB
3254,N366NB
3255,N351NB
3256,N347NB
3257,N323NB
3258,N302NB
3259,N341NB
3260,N348NB
3261,N352NB
3262,N342NB
3263,N338NB
3264,N359NB
3265,N328NB
3266,N316NB
3267,N347NW
3268,N346NB
3269,N339NW
3270,N855NW
3271,N581NW
3272,N590NW
3273,N586NW
3274,N588NW
3275,N587NW
3276,N593NW
3277,N582NW
3278,N595NW
3279,N592NW
3280,N594NW
3281,N853NW
3282,N583NW
3283,N585NW
3284,N591NW
3285,N329NW
3286,N318US
3287,N589NW
3288,N584NW
3289,N852NW
3290,N854NW
3291,N515US
3292,N336NB
3293,N353NB
3294,N315NB
3295,N326US
3296,N344NW
3297,N316US
3298,N351NW
3299,N355NW
3300,N370NB
3301,N333NB
3302,N349NB
3303,N320NB
3304,N360NW
3305,N362NB
3306,N339NB
3307,N323US
3308,N348NW
3309,N369NW
3310,N334NW
3311,N372NW
3312,N354NW
3313,N363NW
3314,N350NA
3315,N368NW
3316,N370NW
3317,N375NC
3318,N366NW
3319,N337NB
3320,N340NW
3321,N551NW
3322,N314US
3323,N365NB
3324,N314NB
3325,N324NB
3326,N371NB
3327,N319NB
3328,N611NA
3329,N9333
3330,N923RW
3331,N603NW
3332,N9332
3333,N987US
3334,N921RW
3335,N984US
3336,N759NW
3337,N763NW
3338,N940N
3339,N924RW
3340,N9338
3341,N9331
3342,N915RW
3343,N943N
3344,N9343
3345,N8978E
3346,N596NW
3347,N556NW
3348,N808NW
3349,N818NW
3350,N815NW
3351,N817NW
3352,N303US
3353,N332NB
3354,N336NW
3355,N9337
3356,N335NW
3357,N313US
3358,N602NW
3359,N536US
3360,N377NW
3361,N327NW
3362,N535US
3363,N324US
3364,N545US
3365,N546US
3366,N358NW
3367,N537US
3368,N758NW
3369,N361NW
3370,N8986E
3371,N364NB
3372,N3324L
3373,N304US
3374,N312US
3375,N317US
3376,N786NC
3377,N768NC
3378,N8921E
3379,N752NW
3380,N8932E
3381,N8926E
3382,N762NC
3383,N605NW
3384,N8928E
3385,N761NC
3386,N8960E
3387,N821NW
3388,N310NW
3389,N331NW
3390,N328NW
3391,N315US
3392,N367NW
3393,N309US
3394,N610NW
3395,N608NW
3396,N9346
3397,N544US
3398,N751NW
3399,N750NW
3400,N762NW
3401,N755NW
3402,N9339
3403,N926NW
3404,N1332U
3405,N754NW
3406,N1334U
3407,N9336
3408,N916RW
3409,N801NW
3410,N820NW
3411,N805NW
3412,N813NW
3413,N809NW
3414,N807NW
3415,N8933E
3416,N538US
3417,N340NB
3418,91469E
3419,91479E
3420,91539E
3421,80239E
3422,87459E
3423,89809E
3424,85159E
3425,84329E
3426,89339E
3427,80409E
3428,87589E
3429,80129E
3430,85339E
3431,85249E
3432,85609E
3433,87109E
3434,83909E
3435,89389E
3436,89869E
3437,88949E
3438,84929E
3439,85549E
3440,88969E
3441,89189E
3442,80219E
3443,85419E
3444,87339E
3445,80259E
3446,85069E
3447,85019E
3448,84239E
3449,89309E
3450,85329E
3451,86949E
3452,80019E
3453,84589E
3454,80309E
3455,89239E
3456,87979E
3457,84129E
3458,85439E
3459,89779E
3460,86049E
3461,88009E
3462,80199E
3463,87759E
3464,84889E
3465,88369E
3466,87949E
3467,87369E
3468,86469E
3469,89409E
3470,88849E
3471,87479E
3472,88559E
3473,80339E
3474,87719E
3475,86749E
3476,85809E
3477,86969E
3478,85169E
3479,89249E
3480,89289E
3481,89429E
3482,89369E
3483,89079E
3484,89699E
3485,80329E
3486,80059E
3487,80279E
3488,89709E
3489,88399E
3490,86119E
3491,87189E
3492,89039E
3493,86239E
3494,88289E
3495,89829E
3496,86659E
3497,89659E
3498,87219E
3499,88889E
3500,89609E
3501,88779E
3502,84779E
3503,89139E
3504,88479E
3505,84449E
3506,88839E
3507,80319E
3508,84759E
3509,89089E
3510,80299E
3511,89729E
3512,87839E
3513,84959E
3514,87099E
3515,80209E
3516,89219E
3517,86739E
3518,80269E
3519,80369E
3520,80419E
3521,88379E
3522,89149E
3523,89649E
3524,89749E
3525,88869E
3526,89329E
3527,86839E
3528,88919E
3529,80399E
3530,80249E
3531,85259E
3532,89439E
3533,85059E
3534,86989E
3535,89769E
3536,84099E
3537,86319E
3538,86599E
3539,88699E
3540,87909E
3541,80359E
3542,85989E
3543,80009E
3544,89719E
3545,85879E
3546,85889E
3547,80349E
3548,86889E
3549,85779E
3550,89689E
3551,88089E
3552,86729E
3553,84169E
3554,89449E
3555,80139E
3556,87519E
3557,N332AA
3558,N335AA
3559,N338AA
3560,N328AA
3561,N320AA
3562,N321AA
3563,N322AA
3564,N336AA
3565,N325AA
3566,N323AA
3567,N368AA
3568,N363AA
3569,N390AA
3570,N362AA
3571,N347AA
3572,N352AA
3573,N379AA
3574,N382AA
3575,N377AA
3576,N386AA
3577,N354AA
3578,N373AA
3579,N381AA
3580,N398AA
3581,N360AA
3582,N372AA
3583,N351AA
3584,N5DPAA
3585,N396AA
3586,N329AA
3587,N366AA
3588,N319AA
3589,N356AA
3590,N399AA
3591,N376AA
3592,N383AA
3593,N364AA
3594,N327AA
3595,N339AA
3596,N395AA
3597,N393AA
3598,N361AA
3599,N359AA
3600,N380AA
3601,N348AA
3602,N374AA
3603,N397AA
3604,N5BVAA
3605,N5DDAA
3606,N5DJAA
3607,N5FCAA
3608,N5FKAA
3609,N5FNAA
3610,N7AEAA
3611,N384AA
3612,N7BXAA
3613,N7AXAA
3614,N7BAAA
3615,N7AYAA
3616,N7BBAA
3617,N7AMAA
3618,N7AJAA
3619,N7ATAA
3620,N7BPAA
3621,N7AWAA
3622,N7BTAA
3623,N7BDAA
3624,N7BVAA
3625,N7BLAA
3626,N7BNAA
3627,N7BSAA
3628,N7ABAA
3629,N7BHAA
3630,N7ASAA
3631,N342AA
3632,N375AA
3633,N350AA
3634,N357AA
3635,N387AA
3636,N349AA
3637,N346AA
3638,N392AA
3639,N3CJAA
3640,N3CWAA
3641,N3CLAA
3642,N3AWAA
3643,N3CEAA
3644,N3CHAA
3645,N3DEAA
3646,N3ACAA
3647,N3BLAA
3648,N5CPAA
3649,N5EUAA
3650,N5DEAA
3651,N5EDAA
3652,N5DFAA
3653,N640AA
3654,N634AA
3655,N636AA
3656,N5ESAA
3657,N5DNAA
3658,N343AA
3659,N388AA
3660,N378AA
3661,N7CAAA
3662,N7BKAA
3663,N7AKAA
3664,N7AGAA
3665,N7ALAA
3666,N7BUAA
3667,N7CCAA
3668,N7AHAA
3669,N7BEAA
3670,N369AA
3671,N367AA
3672,N365AA
3673,N344AA
3674,N389AA
3675,N355AA
3676,N619AA
3677,N5EXAA
3678,N5DHAA
3679,N5EVAA
3680,N5EWAA
3681,N614AA
3682,N5DRAA
3683,N643AA
3684,N358AA
3685,N5EEAA
3686,N639AA
3687,N5CLAA
3688,N642AA
3689,N620AA
3690,N5FHAA
3691,N3CRAA
3692,N3CUAA
3693,N3CGAA
3694,N3ASAA
3695,N3AYAA
3696,N3AEAA
3697,N3DAAA
3698,N3CSAA
3699,N3BMAA
3700,N3DLAA
3701,N3AMAA
3702,N3CFAA
3703,N3ARAA
3704,N3AKAA
3705,N5ECAA
3706,N5CWAA
3707,N5FDAA
3708,N5FAAA
3709,N5EYAA
3710,N5ETAA
3711,N626AA
3712,N5DKAA
3713,N3AGAA
3714,N3ADAA
3715,N3DBAA
3716,N5DSAA
3717,N5CHAA
3718,N5FGAA
3719,N630AA
3720,N629AA
3721,N5CNAA
3722,N5CUAA
3723,N5FFAA
3724,N5BTAA
3725,N638AA
3726,N5DBAA
3727,N5CYAA
3728,N519AA
3729,N242AA
3730,N406AA
3731,N477AA
3732,N414AA
3733,N590AA
3734,N518AA
3735,N426AA
3736,N4XAAA
3737,N419AA
3738,N4YGAA
3739,N552AA
3740,N424AA
3741,N556AA
3742,N218AA
3743,N4XKAA
3744,N5CRAA
3745,N5FBAA
3746,N5DVAA
3747,N5DCAA
3748,N615AA
3749,N5CVAA
3750,N633AA
3751,N5FTAA
3752,N612AA
3753,N5FEAA
3754,N5DXAA
3755,N5CGAA
3756,N5CXAA
3757,N5CTAA
3758,N5DWAA
3759,N5EBAA
3760,N624AA
3761,N5CCAA
3762,N5CJAA
3763,N5CAAA
3764,N5FJAA
3765,N5EJAA
3766,N5CSAA
3767,N5ELAA
3768,N5CFAA
3769,N5DMAA
3770,N5ERAA
3771,N641AA
3772,N5EKAA
3773,N635AA
3774,N622AA
3775,N5BRAA
3776,N370AA
3777,N345AA
3778,N394AA
3779,N5EFAA
3780,N5FPAA
3781,N611AA
3782,N613AA
3783,N5EHAA
3784,N623AA
3785,N632AA
3786,N631AA
3787,N5DUAA
3788,N627AA
3789,N5FMAA
3790,N618AA
3791,N5EPAA
3792,N5BWAA
3793,N5CDAA
3794,N5FSAA
3795,N637AA
3796,N5FLAA
3797,N5DGAA
3798,N616AA
3799,N5CEAA
3800,N3AHAA
3801,N3BJAA
3802,N3AFAA
3803,N3CCAA
3804,N3BPAA
3805,N3BVAA
3806,N3BHAA
3807,N3DKAA
3808,N3ALAA
3809,N3CYAA
3810,N5BSAA
3811,N610AA
3812,N5EGAA
3813,N371AA
3814,N7BYAA
3815,N7BWAA
3816,N7BCAA
3817,N7CBAA
3818,N412AA
3819,N425AA
3820,N407AA
3821,N515AA
3822,N522AA
3823,N448AA
3824,N427AA
3825,N542AA
3826,N524AA
3827,N253AA
3828,N410AA
3829,N617AA
3830,N5CKAA
3831,N5BUAA
3832,N554AA
3833,N538AA
3834,N478AA
3835,N4XFAA
3836,N435AA
3837,N234AA
3838,N488AA
3839,N497AA
3840,N476AA
3841,N503AA
3842,N557AA
3843,N555AA
3844,N628AA
3845,N469AA
3846,N255AA
3847,N551AA
3848,N505AA
3849,N541AA
3850,N595AA
3851,N236AA
3852,N579AA
3853,N417AA
3854,N580AA
3855,N550AA
3856,N501AA
3857,N507AA
3858,N298AA
3859,N506AA
3860,N536AA
3861,N549AA
3862,N460AA
3863,N490AA
3864,N420AA
3865,N289AA
3866,N402AA
3867,N5DTAA
3868,N5FRAA
3869,N4XCAA
3870,N482AA
3871,N584AA
3872,N594AA
3873,N3BRAA
3874,N3APAA
3875,N3CXAA
3876,N3BDAA
3877,N3BBAA
3878,N5DLAA
3879,N5BYAA
3880,N4YDAA
3881,N4XTAA
3882,N4XYAA
3883,N473AA
3884,N571AA
3885,N4XHAA
3886,N4YAAA
3887,N4YFAA
3888,N4YSAA
3889,N4XLAA
3890,N4WKAA
3891,N233AA
3892,N444AA
3893,N401AA
3894,N4WXAA
3895,N4YMAA
3896,N587AA
3897,N4YRAA
3898,N416AA
3899,N582AA
3900,N530AA
3901,N495AA
3902,N548AA
3903,N454AA
3904,N465AA
3905,N458AA
3906,N246AA
3907,N411AA
3908,N4WTAA
3909,N485AA
3910,N586AA
3911,N232AA
3912,N486AA
3913,N513AA
3914,N540AA
3915,N544AA
3916,N408AA
3917,N502AA
3918,N572AA
3919,N512AA
3920,N4XJAA
3921,N4YNAA
3922,N570AA
3923,N202AA
3924,N4XVAA
3925,N4YJAA
3926,N564AA
3927,N588AA
3928,N4XSAA
3929,N4WSAA
3930,N4YEAA
3931,N433AA
3932,N4XUAA
3933,N534AA
3934,N400AA
3935,N422AA
3936,N251AA
3937,N279AA
3938,N451AA
3939,N545AA
3940,N248AA
3941,N438AA
3942,N585AA
3943,N4WRAA
3944,N533AA
3945,N423AA
3946,N546AA
3947,N404AA
3948,N578AA
3949,N421AA
3950,N429AA
3951,N464AA
3952,N428AA
3953,N4WYAA
3954,N453AA
3955,N514AA
3956,N537AA
3957,N432AA
3958,N489AA
3959,N532AA
3960,N4UCAA
3961,N431AA
3962,N4YKAA
3963,N4WAAA
3964,N565AA
3965,N561AA
3966,N200AA
3967,N621AA
3968,N5EAAA
3969,N496AA
3970,N525AA
3971,N483AA
3972,N560AA
3973,N592AA
3974,N492AA
3975,N237AA
3976,N577AA
3977,N214AA
3978,N558AA
3979,N449AA
3980,N413AA
3981,N219AA
3982,N3BYAA
3983,N3BWAA
3984,N3CDAA
3985,N3DHAA
3986,N3BTAA
3987,N3AXAA
3988,N3BEAA
3989,N430AA
3990,N559AA
3991,N535AA
3992,N418AA
3993,N575AA
3994,N4XWAA
3995,N493AA
3996,N468AA
3997,N415AA
3998,N487AA
3999,N287AA
4000,N466AA
4001,N227AA
4002,N462AA
4003,N475AA
4004,N484AA
4005,N245AA
4006,N516AA
4007,N479AA
4008,N474AA
4009,N491AA
4010,N510AA
4011,N566AA
4012,N452AA
4013,N4YBAA
4014,N442AA
4015,N461AA
4016,N457AA
4017,N274AA
4018,N481AA
4019,N297AA
4020,N528AA
4021,N521AA
4022,N244AA
4023,N526AA
4024,N509AA
4025,N4XNAA
4026,N445AA
4027,N4WLAA
4028,N266AA
4029,N543AA
4030,N262AA
4031,N447AA
4032,N498AA
4033,N4UBAA
4034,N523AA
4035,N4XBAA
4036,N293AA
4037,N576AA
4038,N4YTAA
4039,N223AA
4040,N4XMAA
4041,N4WNAA
4042,N4WBAA
4043,N409AA
4044,N4XPAA
4045,N3BCAA
4046,N3BAAA
4047,N3DDAA
4048,N3AJAA
4049,N3ABAA
4050,N3ATAA
4051,N3AAAA
4052,N3CMAA
4053,N450AA
4054,N241AA
4055,N446AA
4056,N569AA
4057,N574AA
4058,N459AA
4059,N470AA
4060,N573AA
4061,N440AA
4062,N511AA
4063,N529AA
4064,N463AA
4065,N436AA
4066,N520AA
4067,N258AA
4068,N504AA
4069,N5DYAA
4070,N3DGAA
4071,N3BNAA
4072,N3AUAA
4073,N3DJAA
4074,N3DFAA
4075,N3CNAA
4076,N3BSAA
4077,N4XRAA
4078,N4YPAA
4079,N4YCAA
4080,N4WDAA
4081,N597AA
4082,N4WWAA
4083,N4XEAA
4084,N4WUAA
4085,N472AA
4086,N456AA
4087,N598AA
4088,N3AVAA
4089,N385AA
4090,N7ACAA
4091,N7BGAA
4092,N499AA
4093,N591AA
4094,N082AA
4095,N062AA
4096,N084AA
4097,N058AA
4098,N081AA
4099,N078AA
4100,N059AA
4101,N434AA
4102,N439AA
4103,N443AA
4104,N405AA
4105,N3DCAA
4106,N3BKAA
4107,N3CAAA
4108,N471AA
4109,N455AA
4110,N467AA
4111,N070AA
4112,N083AA
4113,N054AA
4114,N052AA
4115,N057AA
4116,N063AA
4117,N201AA
4118,N4YHAA
4119,N4XXAA
4120,N567AA
4121,N259AA
4122,N562AA
4123,N4WJAA
4124,N4XGAA
4125,N539AA
4126,N3ANAA
4127,N508AA
4128,N3CVAA
4129,N3CKAA
4130,N553AA
4131,N437AA
4132,N4XDAA
4133,N596AA
4134,N7AUAA
4135,N7BFAA
4136,N599AA
4137,N3CBAA
4138,N4WPAA
4139,N441AA
4140,N568AA
4141,N583AA
4142,N4YLAA
4143,N207AA
4144,N290AA
4145,N589AA
4146,N593AA
4147,N4WMAA
4148,N056AA
4149,N073AA
4150,N517AA
4151,N494AA
4152,N547AA
4153,N581AA
4154,N278AA
4155,N291AA
4156,N068AA
4157,N071AA
4158,N079AA
4159,N072AA
4160,N051AA
4161,N055AA
4162,N069AA
4163,N531AA
4164,N7AAAA
4165,N7BMAA
4166,N7ADAA
4167,N208AA
4168,N4YUAA
4169,N5CMAA
4170,N563AA
4171,N5ENAA
4172,N527AA
4173,N3BFAA
4174,N065AA
4175,N080AA
4176,N066AA
4177,N074AA
4178,N050AA
4179,N064AA
4180,N061AA
4181,N3BGAA
4182,N3CPAA
4183,N403AA
4184,N5DAAA
4185,N077AA
4186,N4WVAA
4187,N249AA
4188,N5CBAA
4189,N060AA
4190,N625AA
4191,N5EMAA
4192,N3CTAA
4193,N3BXAA
4194,N480AA
4195,N3BUAA
4196,N076AA
4197,N067AA
4198,N391AA
4199,N810AL
4200,N808AL
4201,N835AL
4202,N843AL
4203,N823AL
4204,N828AL
4205,N836AL
4206,N837AL
4207,N826AL
4208,N824AL
4209,N841AL
4210,N746AL
4211,N751AL
4212,N742AL
4213,N741AL
4214,N740AL
4215,NHZOAL
4216,N738AL
4217,N748AL
4218,N739AL
4219,N564AS
4220,N320AS
4221,N307AS
4222,N319AS
4223,N566AS
4224,N315AS
4225,N779AS
4226,N791AS
4227,N795AS
4228,N708AS
4229,N648AS
4230,N622AS
4231,N778AS
4232,N767AS
4233,N755AS
4234,N784AS
4235,N796AS
4236,N754AS
4237,N713AS
4238,N785AS
4239,N773AS
4240,N769AS
4241,N783AS
4242,N760AS
4243,N958AS
4244,N969AS
4245,N960AS
4246,N982AS
4247,N979AS
4248,N977AS
4249,N589AS
4250,N569AS
4251,N303AS
4252,N585AS
4253,N553AS
4254,N972AS
4255,N626AS
4256,N774AS
4257,N318AS
4258,N560AS
4259,N768AS
4260,N765AS
4261,N961AS
4262,N948AS
4263,N570AS
4264,N588AS
4265,N584AS
4266,N549AS
4267,N552AS
4268,N559AS
4269,N583AS
4270,N546AS
4271,N612AS
4272,N618AS
4273,N625AS
4274,N611AS
4275,N647AS
4276,N624AS
4277,N562AS
4278,N565AS
4279,N615AS
4280,N614AS
4281,N609AS
4282,N607AS
4283,N623AS
4284,N644AS
4285,N586AS
4286,N968AS
4287,N762AS
4288,N563AS
4289,N305AS
4290,N776AS
4291,N788AS
4292,N306AS
4293,N944AS
4294,N558AS
4295,N577AS
4296,N551AS
4297,N764AS
4298,N772AS
4299,N797AS
4300,N943AS
4301,N548AS
4302,N705AS
4303,N556AS
4304,N975AS
4305,N706AS
4306,N581AS
4307,N775AS
4308,N763AS
4309,N619AS
4310,N317AS
4311,N962AS
4312,N703AS
4313,N587AS
4314,N579AS
4315,N780AS
4316,N771AS
4317,N792AS
4318,N302AS
4319,N782AS
4320,N323AS
4321,N613AS
4322,N756AS
4323,N568AS
4324,N799AS
4325,N794AS
4326,N309AS
4327,N557AS
4328,N793AS
4329,N617AS
4330,N627AS
4331,N649AS
4332,N590AS
4333,N273JB
4334,N179JB
4335,N184JB
4336,N228JB
4337,N615JB
4338,N283JB
4339,N249JB
4340,N589JB
4341,N608JB
4342,N659JB
4343,N206JB
4344,N553JB
4345,N585JB
4346,N183JB
4347,N231JB
4348,N519JB
4349,N552JB
4350,N529JB
4351,N547JB
4352,N534JB
4353,N627JB
4354,N193JB
4355,N187JB
4356,N178JB
4357,N561JB
4358,N523JB
4359,N665JB
4360,N630JB
4361,N579JB
4362,N638JB
4363,N618JB
4364,N643JB
4365,N649JB
4366,N592JB
4367,N258JB
4368,N569JB
4369,N562JB
4370,N521JB
4371,N645JB
4372,N613JB
4373,N563JB
4374,N565JB
4375,N506JB
4376,N656JB
4377,N581JB
4378,N606JB
4379,N639JB
4380,N644JB
4381,N571JB
4382,N281JB
4383,N661JB
4384,N197JB
4385,N247JB
4386,N503JB
4387,N535JB
4388,N267JB
4389,N239JB
4390,N554JB
4391,N629JB
4392,N517JB
4393,N637JB
4394,N646JB
4395,N633JB
4396,N524JB
4397,N635JB
4398,N588JB
4399,N229JB
4400,N652JB
4401,N564JB
4402,N274JB
4403,N594JB
4404,N658JB
4405,N556JB
4406,N634JB
4407,N624JB
4408,N537JB
4409,N584JB
4410,N192JB
4411,N504JB
4412,N203JB
4413,N612JB
4414,N505JB
4415,N605JB
4416,N570JB
4417,N621JB
4418,N510JB
4419,N590JB
4420,N657JB
4421,N603JB
4422,N543JB
4423,N662JB
4424,N598JB
4425,N550JB
4426,N651JB
4427,N546JB
4428,N591JB
4429,N566JB
4430,N640JB
4431,N597JB
4432,N655JB
4433,N559JB
4434,N528JB
4435,N238JB
4436,N548JB
4437,N641JB
4438,N632JB
4439,N636JB
4440,N587JB
4441,N653JB
4442,N509JB
4443,N520JB
4444,N216JB
4445,N582JB
4446,N190JB
4447,N663JB
4448,N279JB
4449,N595JB
4450,N265JB
4451,N198JB
4452,N586JB
4453,N623JB
4454,N599JB
4455,N236JB
4456,N516JB
4457,N607JB
4458,N593JB
4459,N536JB
4460,N648JB
4461,N568JB
4462,N625JB
4463,N583JB
4464,N266JB
4465,N558JB
4466,N580JB
4467,N284JB
4468,N36280
4469,N73259
4470,N17233
4471,N27213
4472,N61304
4473,N37263
4474,N16339
4475,N57852
4476,N33294
4477,N14324
4478,N15710
4479,N76153
4480,N33264
4481,N77303
4482,N35407
4483,N14605
4484,N35271
4485,N14653
4486,N17321
4487,N23661
4488,N14655
4489,N57857
4490,N14237
4491,N73283
4492,N37255
4493,N37277
4494,N14219
4495,N14347
4496,N69311
4497,N14645
4498,N14231
4499,N78506
4500,N13248
4501,N18350
4502,N37409
4503,N14629
4504,N37298
4505,N16648
4506,N74856
4507,N27610
4508,N12313
4509,N37281
4510,N14334
4511,N27733
4512,N17640
4513,N14668
4514,N14609
4515,N14613
4516,N14346
4517,N16234
4518,N14358
4519,N12238
4520,N77258
4521,N14604
4522,N12116
4523,N14308
4524,N76265
4525,N14341
4526,N14664
4527,N46625
4528,N12318
4529,N39728
4530,N16701
4531,N76355
4532,N18112
4533,N17105
4534,N29124
4535,N12319
4536,N13720
4537,N24736
4538,N14735
4539,N37615
4540,N69602
4541,N75853
4542,N69333
4543,N15712
4544,N30401
4545,N32404
4546,N16617
4547,N14250
4548,N57855
4549,N27239
4550,N14652
4551,N18220
4552,N27205
4553,N23707
4554,N27734
4555,N14214
4556,N10323
4557,N73276
4558,N11206
4559,N57864
4560,N19130
4561,N17245
4562,N69351
4563,N14242
4564,N39726
4565,N16732
4566,N24715
4567,N12218
4568,N33637
4569,N57869
4570,N38403
4571,N77867
4572,N11656
4573,N34131
4574,N29129
4575,N78866
4576,N77295
4577,N63305
4578,N37287
4579,N12327
4580,N13138
4581,N12114
4582,N16618
4583,N16301
4584,N71411
4585,N14342
4586,N62631
4587,N18622
4588,N70353
4589,N17663
4590,N37290
4591,N23657
4592,N18611
4593,N79402
4594,N38257
4595,N17244
4596,N34282
4597,N26226
4598,N76502
4599,N24702
4600,N59302
4601,N18119
4602,N35204
4603,N24224
4604,N24202
4605,N76254
4606,N73270
4607,N17614
4608,N33203
4609,N13750
4610,N47332
4611,N12225
4612,N23708
4613,N38727
4614,N14320
4615,N11612
4616,N70352
4617,N66057
4618,N70330
4619,N57868
4620,N67134
4621,N16642
4622,N12221
4623,N14628
4624,N77865
4625,N36207
4626,N17326
4627,N18223
4628,N52616
4629,N24706
4630,N33714
4631,N72405
4632,N37253
4633,N58101
4634,N59630
4635,N16650
4636,N27722
4637,N41135
4638,N13110
4639,N15659
4640,N26210
4641,N58606
4642,N57863
4643,N75858
4644,N73278
4645,N76503
4646,N37293
4647,N37273
4648,N11641
4649,N73299
4650,N24212
4651,N17229
4652,N36272
4653,N76288
4654,N73251
4655,N14667
4656,N75410
4657,N78285
4658,N67158
4659,N33132
4660,N59338
4661,N26208
4662,N14335
4663,N73152
4664,N37267
4665,N12109
4666,N33209
4667,N16649
4668,N73275
4669,N17344
4670,N33289
4671,N16607
4672,N69603
4673,N14639
4674,N77296
4675,N19141
4676,N33266
4677,N16647
4678,N14107
4679,N17328
4680,N76062
4681,N13716
4682,N37408
4683,N14731
4684,N16310
4685,N77261
4686,N17345
4687,N19638
4688,N17619
4689,N31412
4690,N33608
4691,N14601
4692,N14118
4693,N14654
4694,N77066
4695,N13718
4696,N69348
4697,N56859
4698,N41140
4699,N73406
4700,N75851
4701,N33262
4702,N17620
4703,N16703
4704,N75861
4705,N23721
4706,N19357
4707,N33286
4708,N37274
4709,N21108
4710,N32626
4711,N12216
4712,N14336
4713,N16646
4714,N76064
4715,N33284
4716,N73256
4717,N11651
4718,N17644
4719,N14337
4720,N17122
4721,N33103
4722,N39343
4723,N24211
4724,N17133
4725,N69063
4726,N57111
4727,N13113
4728,N14121
4729,N78501
4730,N19117
4731,N68160
4732,N17730
4733,N76504
4734,N16217
4735,N12349
4736,N48127
4737,N79279
4738,N33292
4739,N38268
4740,N17719
4741,N24633
4742,N26123
4743,N34222
4744,N16632
4745,N27724
4746,N14230
4747,N36247
4748,N17128
4749,N17356
4750,N13624
4751,N17627
4752,N21723
4753,N68061
4754,N73291
4755,N14325
4756,N29717
4757,N25705
4758,N39297
4759,N14106
4760,N17126
4761,N68155
4762,N12125
4763,N69154
4764,N76505
4765,N18243
4766,N24729
4767,N17329
4768,N18658
4769,N14120
4770,N77014
4771,N26215
4772,N35260
4773,N37252
4774,N14115
4775,N66051
4776,N19621
4777,N67058
4778,N16713
4779,N34137
4780,N16709
4781,N19623
4782,N78060
4783,N76156
4784,N19136
4785,N69059
4786,N17139
4787,N68159
4788,N76269
4789,N66056
4790,N14704
4791,N54711
4792,N76354
4793,N54241
4794,N67052
4795,N17104
4796,N76151
4797,N37413
4798,N76010
4799,N14102
4800,N75854
4801,N78004
4802,N59053
4803,N76055
4804,N78003
4805,N76054
4806,N67157
4807,N3736C
4808,N603DL
4809,N132DN
4810,N374DA
4811,N643DL
4812,N177DZ
4813,N198DN
4814,N1603
4815,N176DZ
4816,N841MH
4817,N195DN
4818,N173DZ
4819,N177DN
4820,N837MH
4821,N172DZ
4822,N1612T
4823,N155DL
4824,N842MH
4825,N866DA
4826,N188DN
4827,N156DL
4828,N180DN
4829,N186DN
4830,N524SW
4831,N906WN
4832,N907WN
4833,N908WN
4834,N526SW
4835,N910WN
4836,N909WN
4837,N75996
4838,N766NC
4839,N792UA
4840,N181UA
4841,N187UA
4842,N180UA
4843,N787UA
4844,N116UA
4845,N783UA
4846,N204UA
4847,N107UA
4848,N799UA
4849,N178UA
4850,N122UA
4851,N175UA
4852,N195UA
4853,N224UA
4854,N915AW
4855,N278AY
4856,N270AY
4857,N252AU
4858,N154AW
4859,N839MH
4860,N16065
4861,N865DA
4862,N845MH
4863,N178DZ
4864,N1605
4865,N959DL
4866,N178DN
4867,N190DN
4868,N174DZ
4869,N183DN
4870,N193DN
4871,N201FR
4872,N336AT
4873,N586HA
4874,N320AE
4875,N613NW
4876,N945N
4877,N819NW
4878,N856NW
4879,N802NW
4880,N804NW
4881,N816NW
4882,N806NW
4883,N803NW
4884,N812NW
4885,N814NW
4886,91619E
4887,89059E
4888,N324AA
4889,N7ARAA
4890,N7APAA
4891,N7ANAA
4892,N353AA
4893,N7BJAA
4894,N292AA
4895,N283AA
4896,N7AFAA
4897,N075AA
4898,N7BRAA
4899,N592AS
4900,N786AS
4901,N288JB
4902,N703JB
4903,N87507
4904,N76065
4905,N12322
4906,N47414
4907,N77019
4908,N39415
4909,N76508
4910,N79011
4911,N78017
4912,N179DN
4913,N182DN
4914,N713TW
4915,N1501P
4916,N152DL
4917,N394DL
4918,N912WN
4919,N303SW
4920,N697SW
4921,N914WN
4922,N913WN
4923,N915WN
4924,N17185
4925,N13202
4926,N14558
4927,N549CA
4928,N554CA
4929,N984CA
4930,N983CA
4931,N986CA
4932,N988CA
4933,N104UA
4934,N199UA
4935,N796UA
4936,N217UA
4937,N220UA
4938,N117UA
4939,N216UA
4940,N955UW
4941,N956UW
4942,N701DN
4943,N1602
4944,N718TW
4945,N840MH
4946,N1607B
4947,N1604R
4948,N1201P
4949,N194DN
4950,N711ZX
4951,N153DL
4952,N1610D
4953,N202FR
4954,N337AT
4955,N338AT
4956,N273AE
4957,N859NW
4958,N811NW
4959,91629E
4960,
4961,N7AVAA
4962,N271AA
4963,N593AS
4964,N594AS
4965,N290JB
4966,N705JB
4967,N289JB
4968,N39416
4969,N78009
4970,N77006
4971,N27015
4972,N74007
4973,N78509
4974,N39418
4975,N38417
4976,N37419
4977,N196DN
4978,N154DL
4979,N844MH
4980,N197DN
4981,N189DN
4982,N169DZ
4983,N1613B
4984,N192DN
4985,N187DN
4986,N916WN
4987,N917WN
4988,N918WN
4989,N582CA
4990,N227UA
4991,N196UA
4992,N177UA
4993,N119UA
4994,N784UA
4995,N182UA
4996,N128UA
4997,N174UA
4998,N229UA
4999,N179UA
5000,N957UW
5001,N958UW
5002,N959UW
5003,N1608
5004,N705TW
5005,N722TW
5006,N344AT
5007,91709E
5008,91669E
5009,N706JB
5010,N37420
5011,N37018
5012,N1611B
5013,N171DZ
5014,N1609
5015,N920WN
5016,N919WN
5017,N921WN
5018,N219UA
5019,N960UW
5020,N702DN
5021,N727TW
5022,N723TW
5023,91769E
5024,91819E
5025,N596AS
5026,N597AS
5027,N708JB
5028,N709JB
5029,N77510
5030,N27421
5031,N78511
5032,N87512
5033,N37422
5034,N717TW
5035,N826MH
5036,N922WN
5037,N923WN
5038,N270
5039,N924WN
5040,N226UA
5041,N961UW
5042,N348AT
5043,N506AS
5044,N292JB
5045,N712JB
5046,N294JB
5047,N925WN
5048,N926WN
5049,N927WN
5050,N928WN
5051,N193UA
5052,N118UA
5053,N962UW
5054,N193UW
5055,N963UW
5056,N381DN
5057,N694DL
5058,N695DL
5059,N3739P
5060,N696DL
5061,N810NW
5062,91879E
5063,N508AS
5064,N715JB
5065,N75425
5066,N87513
5067,N39423
5068,N38424
5069,N75426
5070,N175DZ
5071,N929WN
5072,N271
5073,N965UW
5074,N964UW
5075,N301DQ
5076,N302DQ
5077,91869E
5078,N729JB
5079,N76514
5080,N194UW
5081,N195UW
5082,N966UW
5083,N303DQ
5084,N761ND
5085,N512AS
5086,N513AS
5087,N514AS
5088,N76515
5089,N37427
5090,N76517
5091,N9222N
5092,N271LV
5093,N289WN
5094,N293WN
5095,N708SW
5096,N967UW
5097,N968UW
5098,N304DQ
5099,N483HA
5100,N324MQ
5101,N313MQ
5102,N317MQ
5103,N253MQ
5104,N240MQ
5105,N250MQ
5106,N323MQ
5107,N848MQ
5108,N832MQ
5109,N853MQ
5110,N807MQ
5111,N818MQ
5112,N824MQ
5113,N822MQ
5114,N841MQ
5115,N806MQ
5116,N821MQ
5117,N515MQ
5118,N511MQ
5119,N514MQ
5120,N508MQ
5121,N521MQ
5122,N520MQ
5123,N506MQ
5124,N503MQ
5125,N931MQ
5126,N678MQ
5127,N932MQ
5128,N624MQ
5129,N691MQ
5130,N635MQ
5131,N644MQ
5132,N676MQ
5133,N645MQ
5134,N617MQ
5135,N612MQ
5136,N660MQ
5137,N908MQ
5138,N613MQ
5139,N682MQ
5140,N500MQ
5141,N510MQ
5142,N902MQ
5143,N504MQ
5144,N501MQ
5145,N513MQ
5146,N502MQ
5147,N622MQ
5148,N690MQ
5149,N626MQ
5150,N738MQ
5151,N808MQ
5152,N835MQ
5153,N805MQ
5154,N840MQ
5155,N803MQ
5156,N852MQ
5157,N641MQ
5158,N507MQ
5159,N512MQ
5160,N519MQ
5161,N523MQ
5162,N517MQ
5163,N522MQ
5164,N518MQ
5165,N524MQ
5166,N638MQ
5167,N636MQ
5168,N922MQ
5169,N637MQ
5170,N907MQ
5171,N687MQ
5172,N923MQ
5173,N649MQ
5174,N662MQ
5175,N942MQ
5176,N658MQ
5177,N692MQ
5178,N663MQ
5179,N909MQ
5180,N616MQ
5181,N509MQ
5182,N516MQ
5183,N854MQ
5184,N816MQ
5185,N834MQ
5186,N928MQ
5187,N825MQ
5188,N845MQ
5189,N838MQ
5190,N809MQ
5191,N819MQ
5192,N733MQ
5193,N623MQ
5194,N619MQ
5195,N647MQ
5196,N681MQ
5197,N650MQ
5198,N697MQ
5199,N627MQ
5200,N723MQ
5201,N611MQ
5202,N688MQ
5203,N661MQ
5204,N653MQ
5205,N925MQ
5206,N817MQ
5207,N830MQ
5208,N858MQ
5209,N814MQ
5210,N826MQ
5211,N849MQ
5212,N827MQ
5213,N847MQ
5214,N813MQ
5215,N935MQ
5216,N833MQ
5217,N710MQ
5218,N857MQ
5219,N667MQ
5220,N640MQ
5221,N505MQ
5222,N646MQ
5223,N679MQ
5224,N850MQ
5225,N639MQ
5226,N642MQ
5227,N704MQ
5228,N695MQ
5229,N654MQ
5230,N810MQ
5231,N700MQ
5232,N843MQ
5233,N716MQ
5234,N273MQ
5235,N829MQ
5236,N801MQ
5237,N701MQ
5238,N855MQ
5239,N837MQ
5240,N815MQ
5241,N629MQ
5242,N668MQ
5243,N672MQ
5244,N812MQ
5245,N836MQ
5246,N648MQ
5247,N2AEMQ
5248,N839MQ
5249,N804MQ
5250,N846MQ
5251,N671MQ
5252,N918MQ
5253,N656MQ
5254,N621MQ
5255,N900MQ
5256,N625MQ
5257,N614MQ
5258,N800MQ
5259,N630MQ
5260,N673MQ
5261,N618MQ
5262,N694MQ
5263,N652MQ
5264,N655MQ
5265,N941MQ
5266,N670MQ
5267,N631MQ
5268,N693MQ
5269,N633MQ
5270,N696MQ
5271,N674MQ
5272,N665MQ
5273,N698MQ
5274,N632MQ
5275,N842MQ
5276,N939MQ
5277,N680MQ
5278,N659MQ
5279,N657MQ
5280,N906MQ
5281,N675MQ
5282,N628MQ
5283,N634MQ
5284,N686MQ
5285,N684MQ
5286,N689MQ
5287,N720MQ
5288,N706MQ
5289,N664MQ
5290,N724MQ
5291,N643MQ
5292,N699MQ
5293,N677MQ
5294,N685MQ
5295,N615MQ
5296,N811MQ
5297,N610MQ
5298,N683MQ
5299,N669MQ
5300,N844MQ
5301,N620MQ
5302,N823MQ
5303,N820MQ
5304,N831MQ
5305,N933MQ
5306,N905MQ
5307,N707MQ
5308,N651MQ
5309,N828MQ
5310,N851MQ
5311,N709MQ
5312,N722MQ
5313,N717MQ
5314,N715MQ
5315,N718MQ
5316,N802MQ
5317,N713MQ
5318,N712MQ
5319,N730MQ
5320,N705MQ
5321,N702MQ
5322,N721MQ
5323,N856MQ
5324,N703MQ
5325,N708MQ
5326,N711MQ
5327,N719MQ
5328,N725MQ
5329,N728MQ
5330,N550NW
5331,96059E
5332,96069E
5333,96079E
5334,N746JB
5335,N76516
5336,N822SK
5337,N489HA
5338,N736MQ
5339,N539US
5340,96019E
5341,96009E
5342,96029E
5343,96049E
5344,N760JB
5345,N296JB
5346,N824SK
5347,N823SK
5348,N194UA
5349,N171UA
5350,N127UA
5351,N198UA
5352,N490HA
5353,N541US
5354,N623US
5355,N516AS
5356,N763JB
5357,N766JB
5358,N75428
5359,N75429
5360,N78008
